[

][
{"id": 21, "name": "1 oz American Gold Eagle", "dealer": " GoldClub Direct ", "price": "2,357.53"},
{"id": 56, "name": "1 Kilo Gold Bar .9999 Fine", "dealer": " GoldClub Direct ", "price": "74,836.33"},
{"id": 184, "name": "1 oz Gold Bar Valcambi Suisse .9999 Fine 24kt", "dealer": " GoldClub Direct ", "price": "2,363.99"},
{"id": 249, "name": "Valcambi Gold 1 oz (10 x 1/10 oz) CombiBar", "dealer": " GoldClub Direct ", "price": "2,504.59"},
{"id": 326, "name": "2023 Panda 30 gram Silver", "dealer": " GoldClub Direct ", "price": "36.88"},
{"id": 421, "name": "1 oz Silver Bar - The Royal Mint Celebration", "dealer": " GoldClub Direct ", "price": "34.86"},
{"id": 457, "name": "2024 Royal Tudor Beasts The Seymour Unicorn 1 oz Gold Coin", "dealer": " GoldClub Direct ", "price": "2,376.29"},
{"id": 564, "name": "PAMP Suisse Multigram+25 1 gram gold bars", "dealer": " GoldClub Direct ", "price": ""},
{"id": 570, "name": "2024 Australia 1/4 oz  Kangaroo Gold Coin", "dealer": " GoldClub Direct ", "price": "637.51"},
{"id": 586, "name": "2024 Britannia 1/10 oz Gold Coin", "dealer": " GoldClub Direct ", "price": "262.19"},
{"id": 604, "name": "Morgan Stackable 1 oz  Silver Round", "dealer": " GoldClub Direct ", "price": "30.28"},
{"id": 748, "name": "Philharmonic 1 oz Gold Coins (Random Year)", "dealer": " GoldClub Direct ", "price": "2,345.14"},
{"id": 757, "name": "1 oz Silver Kangaroo (Random Year)", "dealer": " GoldClub Direct ", "price": "30.41"},
{"id": 806, "name": "1 Kilo Silver Bar Sunshine Minting (32.15 troy oz) .999 Fine Bullion Ingot", "dealer": " GoldClub Direct ", "price": "930.23"},
{"id": 921, "name": "Valcambi 10 Gram Gold Bar", "dealer": " GoldClub Direct ", "price": "774.53"},
{"id": 1050, "name": "2023 Royal Tudor Beasts - Yale of Beaufort 10 oz Silver Coin", "dealer": " GoldClub Direct ", "price": "347.45"},
{"id": 1088, "name": "2023 American Gold Buffalo", "dealer": " GoldClub Direct ", "price": "2,394.56"},
{"id": 1122, "name": "Argor Heraeus 1 oz Gold Bar", "dealer": " GoldClub Direct ", "price": ""},
{"id": 1150, "name": "2023 Tudor Beasts Black Bull of Clarence 1 oz Gold Coin", "dealer": " GoldClub Direct ", "price": "2,376.29"},
{"id": 1155, "name": "10 oz American Reserve Silver Bar", "dealer": " GoldClub Direct ", "price": "298.77"},
{"id": 1164, "name": "2023 Tudor Beasts: The Black Bull of Clarence 2 oz Silver Coin", "dealer": " GoldClub Direct ", "price": "65.22"},
{"id": 1226, "name": "Mercury 10 oz Silver Bar", "dealer": " GoldClub Direct ", "price": ""},
{"id": 1233, "name": "Mercury Kilo Silver Bar", "dealer": " GoldClub Direct ", "price": "958.78"},
{"id": 1238, "name": "Mercury 100 oz Silver Bar", "dealer": " GoldClub Direct ", "price": ""},
{"id": 1265, "name": "2024 1/2 oz Canadian Gold Maple Leaf Coin", "dealer": " GoldClub Direct ", "price": "1,302.97"},
{"id": 1445, "name": "2023 Australian Emu 1 oz Gold Coin", "dealer": " GoldClub Direct ", "price": "2,477.60"},
{"id": 1585, "name": "2024 1 oz Platinum Tudor Beasts Seymour Unicorn Coin", "dealer": " GoldClub Direct ", "price": "1,061.69"},
{"id": 1670, "name": "100 oz Silver Bar - Royal Canadian Mint", "dealer": " GoldClub Direct ", "price": "2,791.46"},
{"id": 1683, "name": "1 oz Gold Bar - Perth Mint", "dealer": " GoldClub Direct ", "price": ""},
{"id": 1806, "name": "2024 1 oz Canadian Gold Maple Leaf Coin", "dealer": " GoldClub Direct ", "price": "2,368.94"}[

]