[
{"id": 1, "name": "Mexico Gold 2 1/2 Pesos", "dealer": " SD Bullion ", "price": "$164.42"},
{"id": 8, "name": "1/10 oz Gold American Eagle", "dealer": " SD Bullion ", "price": "$309.84"},
{"id": 17, "name": "1 oz American Gold Eagle", "dealer": " SD Bullion ", "price": "$2,407.02"},
{"id": 28, "name": "2017 Queen's Beasts The Griffin 2 oz Silver", "dealer": " SD Bullion ", "price": "$113.45"},
{"id": 29, "name": "1 oz Gold Britannia Random Year", "dealer": " SD Bullion ", "price": "$2,377.21"},
{"id": 35, "name": "1/20 oz Canadian Gold Maple Leaf $1 Coin .9999 Fine", "dealer": " SD Bullion ", "price": "$175.73"},
{"id": 38, "name": "2018 American Silver Eagle", "dealer": " SD Bullion ", "price": "$46.73"},
{"id": 44, "name": "Sigma Metalytics Precious Metal Verifier", "dealer": " SD Bullion ", "price": "$1,299.99"},
{"id": 45, "name": "1 oz Perth Kangaroo Silver Bar", "dealer": " SD Bullion ", "price": "$30.52"},
{"id": 48, "name": "Scottsdale 100 gram Silver Round", "dealer": " SD Bullion ", "price": "$99.09"},
{"id": 52, "name": "Austria 10 Coronas Gold Coin", "dealer": " SD Bullion ", "price": "$2,357.06"},
{"id": 54, "name": "1 Kilo Gold Bar .9999 Fine", "dealer": " SD Bullion ", "price": "$75,141.14"},
{"id": 64, "name": "2019 Australia 1 oz Gold Lunar Pig", "dealer": " SD Bullion ", "price": "$2,442.21"},
{"id": 65, "name": "10 oz Bullet Shaped Silver Bar .50 caliber BMG", "dealer": " SD Bullion ", "price": "$337.31"},
{"id": 73, "name": "1/2 oz Gold Round", "dealer": " SD Bullion ", "price": "$1,237.04"},
{"id": 75, "name": "1/4 oz Gold Round", "dealer": " SD Bullion ", "price": "$630.08"},
{"id": 77, "name": "1 oz Gold Bracelet- 24k - Wearable Bullion", "dealer": " SD Bullion ", "price": "$2,520.31"},
{"id": 83, "name": "2018 5 oz Silver ATB Block Island National Wildlife Refuge, RI", "dealer": " SD Bullion ", "price": "$238.66"},
{"id": 86, "name": "10 Gram Gold Bar - Random Manufacturer", "dealer": " SD Bullion ", "price": "$775.37"},
{"id": 88, "name": "Valcambi CombiBar - 50 Gram Gold Bar", "dealer": " SD Bullion ", "price": "$3,926.88"},
{"id": 100, "name": "1986 American Silver Eagle Coin", "dealer": " SD Bullion ", "price": "$59.95"},
{"id": 101, "name": "1 oz Platinum Maple Leaf - Random Year", "dealer": " SD Bullion ", "price": "$1,061.33"},
{"id": 106, "name": "2019 ATB War in the Pacific National Hist. Park Silver 5oz Coin", "dealer": " SD Bullion ", "price": "$238.66"},
{"id": 107, "name": "2019 ATB Mariana Islands, American Memorial Park Silver 5 oz Coin", "dealer": " SD Bullion ", "price": "$243.66"},
{"id": 108, "name": "2019 ATB Lowell National Historical Park, MA 5 oz Silver Coin", "dealer": " SD Bullion ", "price": "$218.66"},
{"id": 110, "name": "2020 Britannia 1 oz Silver Coins BU", "dealer": " SD Bullion ", "price": "$33.72"},
{"id": 112, "name": "2018 5 oz Silver Voyageurs National Park, MN ATB", "dealer": " SD Bullion ", "price": "$243.66"},
{"id": 113, "name": "2016 Silver 5oz. Shawnee National Forest ATB", "dealer": " SD Bullion ", "price": "$223.66"},
{"id": 115, "name": "2016 Silver 5oz. Cumberland Gap National Historical Park ATB", "dealer": " SD Bullion ", "price": "$228.66"},
{"id": 116, "name": "2016 Silver 5oz. Harpers Ferry ATB", "dealer": " SD Bullion ", "price": "$228.66"},
{"id": 118, "name": "2016 Silver 5oz. Fort Moultrie National Monument ATB", "dealer": " SD Bullion ", "price": "$213.66"},
{"id": 120, "name": "American Platinum Eagle 1/2 oz - Random Year", "dealer": " SD Bullion ", "price": "$673.16"},
{"id": 121, "name": "2020 1 oz American Gold Eagle Coin (BU)", "dealer": " SD Bullion ", "price": "$2,520.31"},
{"id": 123, "name": "Kennedy 40% Silver Half Dollars - $100 Face Value", "dealer": " SD Bullion ", "price": "$832.54"},
{"id": 124, "name": "PAMP Suisse 100 Gram Poured Gold Bar", "dealer": " SD Bullion ", "price": "$7,643.65"},
{"id": 129, "name": "2019 ATB Frank Church River of No Return 5 oz Silver Coin", "dealer": " SD Bullion ", "price": "$248.66"},
{"id": 130, "name": "$1000 Face Value - 90% Circulated Silver Coins", "dealer": " SD Bullion ", "price": "$20,178.37"},
{"id": 133, "name": "10 oz Gold Bars - Random Manufacturer", "dealer": " SD Bullion ", "price": "$23,522.05"},
{"id": 137, "name": "2020 American Eagle Monster Box Silver (500 Coins)", "dealer": " SD Bullion ", "price": "$216.08"},
{"id": 138, "name": "2020 ATB Weir Farm National Historic Site 5 Oz Silver Coin", "dealer": " SD Bullion ", "price": "$268.66"},
{"id": 139, "name": "Chinese Panda Silver 30 Gram - Random Year", "dealer": " SD Bullion ", "price": "$32.77"},
{"id": 145, "name": "Krugerrand 1 oz Silver - Random Year", "dealer": " SD Bullion ", "price": "$30.72"},
{"id": 150, "name": "2020 ATB Salt River Bay US Virgin Islands 5 oz Silver Coin", "dealer": " SD Bullion ", "price": "$238.66"},
{"id": 153, "name": "1 oz Gold Coins - Random Design", "dealer": " SD Bullion ", "price": "$2,367.21"},
{"id": 157, "name": "50 Gram Gold Bar", "dealer": " SD Bullion ", "price": "$3,797.24"},
{"id": 162, "name": "2020 British 1 oz Gold Britannia Coin", "dealer": " SD Bullion ", "price": "$2,427.21"},
{"id": 164, "name": "Valcambi 1 gram Platinum Bar", "dealer": " SD Bullion ", "price": "$49.11"},
{"id": 165, "name": "1 Gram Platinum Bar - Secondary Market", "dealer": " SD Bullion ", "price": "$47.06"},
{"id": 167, "name": "5 Utah Goldbacks 1/200 oz 24K Gold Foil Aurum Note", "dealer": " SD Bullion ", "price": "$24.06"},
{"id": 171, "name": "10 Utah Goldbacks 1/100 oz 24K Gold Foil Aurum Note", "dealer": " SD Bullion ", "price": "$47.12"},
{"id": 175, "name": "2021 Canadian Maple Leaf 1 oz Gold Coin", "dealer": " SD Bullion ", "price": "$2,412.21"},
{"id": 178, "name": "2021 Great Britain Britannia 1 oz Gold Coin", "dealer": " SD Bullion ", "price": "$2,412.21"},
{"id": 181, "name": "1 oz Gold Bar Valcambi Suisse .9999 Fine 24kt", "dealer": " SD Bullion ", "price": "$2,367.21"},
{"id": 191, "name": "Mexican Silver Libertad - Random Year", "dealer": " SD Bullion ", "price": "$36.73"},
{"id": 196, "name": "2021 America The Beautiful Tuskegee Airmen 5 oz Silver Coin", "dealer": " SD Bullion ", "price": "$258.66"},
{"id": 198, "name": "2021 South Africa 1 oz Silver Krugerrand", "dealer": " SD Bullion ", "price": null},
{"id": 207, "name": "2021 American Gold Eagle 1 oz Coin Type 2", "dealer": " SD Bullion ", "price": "$2,497.19"},
{"id": 210, "name": "Germania Mint Cast Silver Kilo Bar 32.15 oz", "dealer": " SD Bullion ", "price": "$933.04"},
{"id": 215, "name": "2022 Britannia 1 oz Gold Coin", "dealer": " SD Bullion ", "price": "$2,392.21"},
{"id": 219, "name": "Valcambi Gold 100 gram Bar", "dealer": " SD Bullion ", "price": "$7,562.50"},
{"id": 224, "name": "2022 Australia Kangaroo 1 oz Gold Coin", "dealer": " SD Bullion ", "price": "$2,387.21"},
{"id": 228, "name": "$10 Face Value Standing Liberty Quarters 90% Silver", "dealer": " SD Bullion ", "price": "$2,160.84"},
{"id": 233, "name": "2022 Canadian Maple Leaf 1 oz Gold Coin", "dealer": " SD Bullion ", "price": "$2,422.21"},
{"id": 234, "name": "2022 Austrian Philharmonic 1 oz Gold Coin", "dealer": " SD Bullion ", "price": "$2,402.21"},
{"id": 237, "name": "Platinum Eagle 1/10 oz  - Varied Year", "dealer": " SD Bullion ", "price": "$1,041.33"},
{"id": 239, "name": "2021 Australia Year of the Ox Lunar 1 oz Silver Coin", "dealer": " SD Bullion ", "price": "$41.72"},
{"id": 241, "name": "Random 1 Troy Ounce Platinum Coin", "dealer": " SD Bullion ", "price": "$1,056.33"},
{"id": 243, "name": "Scottsdale Mint 1 oz Gold Bar", "dealer": " SD Bullion ", "price": "$2,362.21"},
{"id": 244, "name": "Valcambi Gold 1 oz (10 x 1/10 oz) CombiBar", "dealer": " SD Bullion ", "price": "$2,462.21"},
{"id": 254, "name": "Wall Street Mint 10 oz Silver Bar", "dealer": " SD Bullion ", "price": "$307.21"},
{"id": 256, "name": "American Platinum Eagle 1/4 oz - Random Year", "dealer": " SD Bullion ", "price": "$1,046.33"},
{"id": 258, "name": "2022 Awakening Infinity 2 oz Silver Round", "dealer": " SD Bullion ", "price": "$89.44"},
{"id": 259, "name": "Britannia 10 gram Gold Bar", "dealer": " SD Bullion ", "price": "$778.37"},
{"id": 262, "name": "Britannia 5 gram Gold Bar", "dealer": " SD Bullion ", "price": "$778.37"},
{"id": 264, "name": "1921 Morgan Silver Dollar - BU Condition", "dealer": " SD Bullion ", "price": "$34.99"},
{"id": 269, "name": "Argor Heraeus 10 gram gold Kinebar", "dealer": " SD Bullion ", "price": "$778.38"},
{"id": 272, "name": "Argor Heraeus 1 gram gold Kinebar", "dealer": " SD Bullion ", "price": "$102.33"},
{"id": 275, "name": "Argor Heraeus 2 gram gold Kinebar", "dealer": " SD Bullion ", "price": "$180.67"},
{"id": 278, "name": "Argor Heraeus 5 gram gold Kinebar", "dealer": " SD Bullion ", "price": "$406.69"},
{"id": 281, "name": "Argor Heraeus 20 gram gold Kinebar", "dealer": " SD Bullion ", "price": "$1,529.78"},
{"id": 284, "name": "Argor Heraeus 100 gram gold Kinebar", "dealer": " SD Bullion ", "price": "$7,578.57"},
{"id": 287, "name": "Argor Heraeus 1 troy ounce gold Kinebar", "dealer": " SD Bullion ", "price": "$2,377.21"},
{"id": 294, "name": "2023 Britannia 1/2 oz Gold Coin", "dealer": " SD Bullion ", "price": "$1,289.06"},
{"id": 297, "name": "2023 Britannia 1 oz Gold Coin Type 1", "dealer": " SD Bullion ", "price": "$2,442.21"},
{"id": 299, "name": "2023 Britannia 1 oz Platinum Coin", "dealer": " SD Bullion ", "price": "$1,056.33"},
{"id": 301, "name": "2023 Yale of Beaufort 1 oz Gold Coin", "dealer": " SD Bullion ", "price": "$2,392.21"},
{"id": 306, "name": "Gold Bracelet - Hammered Finish 24k  1 Troy Oz", "dealer": " SD Bullion ", "price": "$2,520.31"},
{"id": 311, "name": "1 gram Palladium Bar", "dealer": " SD Bullion ", "price": "$2,450.00"},
{"id": 314, "name": "10 oz Silver Bar - Germania Mint", "dealer": " SD Bullion ", "price": "$297.21"},
{"id": 320, "name": "10 oz Mount Trumpmore Silver Bar", "dealer": " SD Bullion ", "price": "$317.21"},
{"id": 321, "name": "5 kilo silver bar", "dealer": " SD Bullion ", "price": "$920.21"},
{"id": 322, "name": "15 kilo silver bar", "dealer": " SD Bullion ", "price": "$2,872.15"},
{"id": 324, "name": "2023 Panda 30 gram Silver", "dealer": " SD Bullion ", "price": "$36.77"},
{"id": 333, "name": "2023 1/2 oz Gold Lunar Rabbit", "dealer": " SD Bullion ", "price": "$1,237.04"},
{"id": 334, "name": "2023 1 oz Canadian Gold Maple Leaf", "dealer": " SD Bullion ", "price": "$2,108.55"},
{"id": 340, "name": "Trump 2024 1 oz Silver Round", "dealer": " SD Bullion ", "price": "$31.72"},
{"id": 342, "name": "2023 1 oz Kraken Silver Round Intaglio Mint", "dealer": " SD Bullion ", "price": "$34.72"},
{"id": 344, "name": "500 oz Silver Maple Leaf Monster Box", "dealer": " SD Bullion ", "price": "$31.52"},
{"id": 347, "name": "2022 Welcome to Wall Street 2 oz Silver Round", "dealer": " SD Bullion ", "price": "$83.44"},
{"id": 350, "name": "1 oz PAMP Suisse Gold Bar *New Design", "dealer": " SD Bullion ", "price": "$91.33"},
{"id": 353, "name": "2022 Awakening Ama-Gi Liberty 2 oz Silver Round", "dealer": " SD Bullion ", "price": "$73.44"},
{"id": 354, "name": "2022 5 oz Silver War Horse High Relief - The Awakening Series", "dealer": " SD Bullion ", "price": "$313.61"},
{"id": 356, "name": "2022 1 oz South Africa Big Five Elephant Gold", "dealer": " SD Bullion ", "price": "$2,402.21"},
{"id": 360, "name": "1 oz Platinum Bar Argor-Heraeus", "dealer": " SD Bullion ", "price": "$1,026.33"},
{"id": 367, "name": "RCM 1 Kilo Minted Gold Bar", "dealer": " SD Bullion ", "price": "$75,239.90"},
{"id": 371, "name": "1/10 oz Gold Bar - Random", "dealer": " SD Bullion ", "price": "$264.21"},
{"id": 373, "name": "2023 Britannia Charles 1/4 oz Gold Coin", "dealer": " SD Bullion ", "price": "$618.52"},
{"id": 378, "name": "Valcambi 20 Gram Platinum Bar", "dealer": " SD Bullion ", "price": "$666.35"},
{"id": 380, "name": "2023 Infinity High Relief 1 oz Silver Round", "dealer": " SD Bullion ", "price": "$32.02"},
{"id": 383, "name": "$10 Face Value 90% Modern Quarters - Statehood/ATB Proofs", "dealer": " SD Bullion ", "price": "$236.58"},
{"id": 384, "name": "1/10 oz Incuse Indian Silver Round", "dealer": " SD Bullion ", "price": "$5.76"},
{"id": 388, "name": "1/4 oz Incuse Indian Silver Round", "dealer": " SD Bullion ", "price": "$9.87"},
{"id": 392, "name": "2023 1 oz Dove Of Peace Silver Round Holy Land Mint", "dealer": " SD Bullion ", "price": "$35.72"},
{"id": 394, "name": "100 Gram Silver Bar - Random Selection", "dealer": " SD Bullion ", "price": "$93.95"},
{"id": 398, "name": "1 oz Bigfoot Silver Round", "dealer": " SD Bullion ", "price": "$34.72"},
{"id": 399, "name": "2023 10 oz Australian Next Generation Kangaroo Silver Coin", "dealer": " SD Bullion ", "price": "$64.54"},
{"id": 400, "name": "1 oz UFOs Over Las Vegas Silver Round", "dealer": " SD Bullion ", "price": "$34.72"},
{"id": 402, "name": "1 oz Al Capone Silver Round", "dealer": " SD Bullion ", "price": "$34.72"},
{"id": 403, "name": "Cowboy 1 oz Silver Round", "dealer": " SD Bullion ", "price": "$31.22"},
{"id": 405, "name": "2023 5 oz Mexican Libertad Silver Coin", "dealer": " SD Bullion ", "price": "$178.61"},
{"id": 407, "name": "2023 2 oz Mexican Libertad Silver Coin", "dealer": " SD Bullion ", "price": "$87.44"},
{"id": 411, "name": "2023 1 oz Mexican Libertad Silver Coin", "dealer": " SD Bullion ", "price": "$34.72"},
{"id": 415, "name": "1 oz Gold Bar Royal Celebration", "dealer": " SD Bullion ", "price": "$2,377.21"},
{"id": 420, "name": "1 oz Silver Bar - The Royal Mint Celebration", "dealer": " SD Bullion ", "price": "$32.72"},
{"id": 423, "name": "2024 PAMP Suisse Lunar - Legend of the Azure Dragon 1oz Gold Bar", "dealer": " SD Bullion ", "price": "$2,377.21"},
{"id": 426, "name": "5 Gram Argor-Heraeus Year of the Dragon Gold Bar", "dealer": " SD Bullion ", "price": "$412.68"},
{"id": 428, "name": "2023 Debasement High Relief 2 oz Silver Round The Awakening Series", "dealer": " SD Bullion ", "price": "$65.44"},
{"id": 429, "name": "1 Gram Argor-Heraeus Year of the Dragon Gold Bar", "dealer": " SD Bullion ", "price": "$104.33"},
{"id": 434, "name": "1/2 oz gold US Mint Commemorative Arts Medal (Random)", "dealer": " SD Bullion ", "price": "$1,176.10"},
{"id": 439, "name": "2024 China Panda 30 g Silver Coin", "dealer": " SD Bullion ", "price": "$37.27"},
{"id": 443, "name": "1 Kilo Johnson Matthey Silver Bar", "dealer": " SD Bullion ", "price": "$910.54"},
{"id": 446, "name": "10 oz Silver Celebration Bar Royal Mint", "dealer": " SD Bullion ", "price": "$327.21"},
{"id": 450, "name": "100 oz ABC Bullion Silver Bar", "dealer": " SD Bullion ", "price": "$2,922.15"},
{"id": 452, "name": "1 oz 2023 Dragon Rectangular Gold Coin", "dealer": " SD Bullion ", "price": "$2,392.21"},
{"id": 455, "name": "2024 Royal Tudor Beasts The Seymour Unicorn 1 oz Gold Coin", "dealer": " SD Bullion ", "price": "$2,392.21"},
{"id": 464, "name": "1 oz Johnson Matthey Gold Bar", "dealer": " SD Bullion ", "price": "$2,372.21"},
{"id": 467, "name": "$20 Liberty Double Eagle Gold Coin (Almost Uncirculated)", "dealer": " SD Bullion ", "price": "$2,317.06"},
{"id": 472, "name": "$20 Saint Gaudens Double Eagle Gold Coin (AU)", "dealer": " SD Bullion ", "price": "$2,317.06"},
{"id": 476, "name": "$20 Liberty Double Eagle Gold Coin (BU)", "dealer": " SD Bullion ", "price": "$2,357.06"},
{"id": 480, "name": "$20 Liberty Double Eagle Gold Coin (VF+)", "dealer": " SD Bullion ", "price": "$2,307.06"},
{"id": 485, "name": "$20 Liberty Double Eagle Gold Coin (Cleaned/Jewelry Grade)", "dealer": " SD Bullion ", "price": "$2,307.06"},
{"id": 489, "name": "$20 Saint Gaudens Double Eagle Gold Coin (BU)", "dealer": " SD Bullion ", "price": "$2,367.06"},
{"id": 492, "name": "$20 Saint Gaudens Double Eagle Gold Coin (Cleaned/Jewelry Grade)", "dealer": " SD Bullion ", "price": "$2,297.06"},
{"id": 496, "name": "$20 MS-64 Liberty Double Eagle Gold Coin (NGC or PCGS) - Random Year", "dealer": " SD Bullion ", "price": "$2,537.06"},
{"id": 499, "name": "$20 MS-62 Liberty Double Eagle Gold Coin (NGC or PCGS) - Random Year", "dealer": " SD Bullion ", "price": "$2,342.06"},
{"id": 507, "name": "$20 MS-61 Liberty Double Eagle Gold Coin (NGC or PCGS) - Random Year", "dealer": " SD Bullion ", "price": "$2,367.06"},
{"id": 512, "name": "$20 St. Gaudens Double Eagle Gold Coin NGC/PCGS MS66", "dealer": " SD Bullion ", "price": "$3,187.06"},
{"id": 515, "name": "2024 Australia Kookaburra 1 oz Silver Coin", "dealer": " SD Bullion ", "price": "$32.52"},
{"id": 524, "name": "Liberty $10 Eagle Gold Coin AU - Random Year", "dealer": " SD Bullion ", "price": "$1,198.64"},
{"id": 528, "name": "$10 Liberty Eagle Gold Coin XF - Random Year", "dealer": " SD Bullion ", "price": "$1,148.64"},
{"id": 531, "name": "$10 Liberty Eagle Gold Coin (Cleaned/Jewelry Grade)", "dealer": " SD Bullion ", "price": "$1,153.64"},
{"id": 536, "name": "$10 Indian Eagle Gold Coin AU", "dealer": " SD Bullion ", "price": "$1,298.64"},
{"id": 538, "name": "$5 Indian Half Eagle Gold Coin (BU)", "dealer": " SD Bullion ", "price": "$759.31"},
{"id": 541, "name": "$2.50 Indian Quarter Eagle Gold Coin (VF+)", "dealer": " SD Bullion ", "price": "$2,307.06"},
{"id": 542, "name": "PAMP Suisse Call of Duty Modern Warfare III 5 gram gold bar", "dealer": " SD Bullion ", "price": "$461.69"},
{"id": 548, "name": "PAMP Call of Duty Modern Warfare III 1 oz silver bar", "dealer": " SD Bullion ", "price": "$89.99"},
{"id": 552, "name": "2024 10 oz Silver Britannia Coin", "dealer": " SD Bullion ", "price": "$312.21"},
{"id": 553, "name": "2024 Liberia 5 oz Patton Silver Coin - Commander Series", "dealer": " SD Bullion ", "price": "$233.61"},
{"id": 554, "name": "1 Kilo British Silver Cast Bar", "dealer": " SD Bullion ", "price": "$926.61"},
{"id": 557, "name": "2024 1 oz Patton Gold Coin - Commander Series", "dealer": " SD Bullion ", "price": "$2,382.21"},
{"id": 558, "name": "Scottsdale Prepper Gold 100 x 1 Gram", "dealer": " SD Bullion ", "price": "$8,333.92"},
{"id": 559, "name": "10 oz Johnson Matthey Poured Gold Bar", "dealer": " SD Bullion ", "price": "$23,522.14"},
{"id": 561, "name": "Scottsdale Prepper Box Silver Bars 100 x 1 gram", "dealer": " SD Bullion ", "price": "$331.93"},
{"id": 562, "name": "PAMP Suisse Multigram+25 1 gram gold bars", "dealer": " SD Bullion ", "price": "$2,148.69"},
{"id": 575, "name": "2024 1 Kilo Silver Britannia Coin", "dealer": " SD Bullion ", "price": "$1,019.85"},
{"id": 577, "name": "2024 100 Gram Lunar Dragon Silver Bar", "dealer": " SD Bullion ", "price": "$111.63"},
{"id": 589, "name": "2024 Britannia 1/10 oz Gold Coin", "dealer": " SD Bullion ", "price": "$274.21"},
{"id": 601, "name": "Mexico 2 Pesos Gold", "dealer": " SD Bullion ", "price": "$2,357.06"},
{"id": 624, "name": "20 Franc Swiss Gold Helvetia Coins", "dealer": " SD Bullion ", "price": "$454.68"},
{"id": 634, "name": "Mexico Gold 5 Pesos", "dealer": " SD Bullion ", "price": "$313.61"},
{"id": 640, "name": "20 Francs French Gold Rooster", "dealer": " SD Bullion ", "price": "$461.68"},
{"id": 644, "name": "Johnson Matthey 10 oz Silver Bar", "dealer": " SD Bullion ", "price": "$367.22"},
{"id": 651, "name": "$10 Face Value 90% Silver", "dealer": " SD Bullion ", "price": "$214.65"},
{"id": 657, "name": "$10 Face Value Franklin Half Dollars 90% Silver", "dealer": " SD Bullion ", "price": "$219.66"},
{"id": 668, "name": "$5 Face Value Roosevelt 90% Silver Dimes Roll", "dealer": " SD Bullion ", "price": "$108.05"},
{"id": 674, "name": "5 oz Silver Bar - Sunshine (MintMark SI)", "dealer": " SD Bullion ", "price": "$151.11"},
{"id": 682, "name": "10 oz Silver Bar Sunshine Mint", "dealer": " SD Bullion ", "price": "$307.21"},
{"id": 690, "name": "Centenario 50 Peso Mexican Gold Coin - Various Years", "dealer": " SD Bullion ", "price": "$2,897.83"},
{"id": 700, "name": "Mercury Dimes - 90% Silver - $5 Face Value", "dealer": " SD Bullion ", "price": "$2,303.84"},
{"id": 703, "name": "90% Silver 1964 Kennedy Half Dollar 20-Coin Roll", "dealer": " SD Bullion ", "price": "$219.66"},
{"id": 732, "name": "Engelhard 100 oz Silver Bar", "dealer": " SD Bullion ", "price": "$2,872.15"},
{"id": 743, "name": "Philharmonic 1 oz Gold Coins (Random Year)", "dealer": " SD Bullion ", "price": "$2,367.21"},
{"id": 759, "name": "1 oz Silver Kangaroo (Random Year)", "dealer": " SD Bullion ", "price": "$30.72"},
{"id": 771, "name": "5 gram gold bar - Random Manufacturer", "dealer": " SD Bullion ", "price": "$406.56"},
{"id": 786, "name": "10 oz Buffalo Silver Bar", "dealer": " SD Bullion ", "price": "$297.21"},
{"id": 795, "name": "PAMP Suisse Kilo Cast Silver Bar", "dealer": " SD Bullion ", "price": "$2,912.15"},
{"id": 811, "name": "Walking Liberty Half Dollars - $10 Face Value 90% Silver", "dealer": " SD Bullion ", "price": "$219.66"},
{"id": 844, "name": "1 oz Silver Round - Buffalo Sunshine Mint (MintMark SI)", "dealer": " SD Bullion ", "price": "$30.52"},
{"id": 851, "name": "1 oz Britannia Silver Coin Random Year", "dealer": " SD Bullion ", "price": "$30.52"},
{"id": 859, "name": "100 oz Silver Bar - Sunshine Mint", "dealer": " SD Bullion ", "price": "$2,922.15"},
{"id": 878, "name": "100 oz Academy Stacker Silver Bar", "dealer": " SD Bullion ", "price": "$2,912.15"},
{"id": 880, "name": "MintID Buffalo 1 oz Silver Round", "dealer": " SD Bullion ", "price": "$30.32"},
{"id": 887, "name": "10 oz MintID  Silver Bar", "dealer": " SD Bullion ", "price": "$300.21"},
{"id": 899, "name": "MintID 5 oz Silver Bar", "dealer": " SD Bullion ", "price": "$150.11"},
{"id": 913, "name": "1/2 oz Canadian Gold Maple Leaf Coin - Random Year", "dealer": " SD Bullion ", "price": "$1,271.72"},
{"id": 920, "name": "Valcambi 10 Gram Gold Bar", "dealer": " SD Bullion ", "price": "$778.38"},
{"id": 941, "name": "Aztec Calendar 1/2 oz Silver Round", "dealer": " SD Bullion ", "price": "$16.86"},
{"id": 947, "name": "1 Kilo Silver Bar - Perth Mint", "dealer": " SD Bullion ", "price": "$897.68"},
{"id": 950, "name": "Aztec Calendar 2 oz Silver Round", "dealer": " SD Bullion ", "price": "$63.44"},
{"id": 961, "name": "MintID 100 oz Silver Bar", "dealer": " SD Bullion ", "price": "$2,862.15"},
{"id": 985, "name": "5 oz Silver Bar Italpreziosi", "dealer": " SD Bullion ", "price": "$146.61"},
{"id": 994, "name": "Johnson Matthey 100 oz silver bar", "dealer": " SD Bullion ", "price": "$2,922.15"},
{"id": 1010, "name": "Tombstone Nugget 10 oz Silver Bar", "dealer": " SD Bullion ", "price": "$337.22"},
{"id": 1032, "name": "10 oz Silver Bar Italpreziosi", "dealer": " SD Bullion ", "price": "$31.22"},
{"id": 1037, "name": "Argor Heraeus 50 gram gold Kinebar", "dealer": " SD Bullion ", "price": "$3,789.30"},
{"id": 1042, "name": "Tombstone Nugget Kilo Silver Bar", "dealer": " SD Bullion ", "price": "$1,019.85"},
{"id": 1049, "name": "2023 Royal Tudor Beasts - Yale of Beaufort 10 oz Silver Coin", "dealer": " SD Bullion ", "price": "$327.21"},
{"id": 1067, "name": "2023 King Charles Britannia 1/10 oz Gold Coin", "dealer": " SD Bullion ", "price": "$2,367.21"},
{"id": 1081, "name": "2023 1 oz Canadian Silver Maple Leaf", "dealer": " SD Bullion ", "price": "$35.72"},
{"id": 1092, "name": "2023 American Gold Buffalo", "dealer": " SD Bullion ", "price": "$2,392.21"},
{"id": 1107, "name": "2023 1 oz Australian Koala Silver Coin", "dealer": " SD Bullion ", "price": "$34.22"},
{"id": 1118, "name": "1/4 oz Gold Canada Random", "dealer": " SD Bullion ", "price": "$658.98"},
{"id": 1136, "name": "90% Silver Roosevelt Dimes ($100 FV, Circulated)", "dealer": " SD Bullion ", "price": "$2,303.84"},
{"id": 1145, "name": "90% Junk Silver Quarters, $100 FV Bag", "dealer": " SD Bullion ", "price": "$2,160.84"},
{"id": 1147, "name": "$500 FV 90% Silver Washington Quarters", "dealer": " SD Bullion ", "price": "$10,089.19"},
{"id": 1162, "name": "2023 Tudor Beasts: The Black Bull of Clarence 2 oz Silver Coin", "dealer": " SD Bullion ", "price": "$64.44"},
{"id": 1192, "name": "2023 Australian Koala 1/10 Gold Coin", "dealer": " SD Bullion ", "price": "$270.53"},
{"id": 1196, "name": "$10 Face Value 90% Washington Silver Quarters", "dealer": " SD Bullion ", "price": "$216.08"},
{"id": 1203, "name": "2023 Next Generation Kangaroo 2 oz Silver Coin", "dealer": " SD Bullion ", "price": "$64.54"},
{"id": 1221, "name": "10 Gram Argor-Heraeus Year of the Dragon Gold Bar", "dealer": " SD Bullion ", "price": "$773.37"},
{"id": 1266, "name": "2024 1/2 oz Canadian Gold Maple Leaf Coin", "dealer": " SD Bullion ", "price": "$1,306.40"},
{"id": 1283, "name": "2024 Britannia and Liberty 1 oz Gold Coin", "dealer": " SD Bullion ", "price": "$2,392.21"},
{"id": 1311, "name": "1878-1904 Morgan Silver Dollars (Random Years)", "dealer": " SD Bullion ", "price": "$35.99"},
{"id": 1322, "name": "1 oz Gold Bar - Random", "dealer": " SD Bullion ", "price": "$2,360.21"},
{"id": 1365, "name": "2022 American Gold Eagle 1/2 oz Coin", "dealer": " SD Bullion ", "price": "$1,410.45"},
{"id": 1379, "name": "2022 American Gold Buffalo", "dealer": " SD Bullion ", "price": "$2,520.31"},
{"id": 1449, "name": "1 South Dakota Goldback 1/1000 oz 24K Gold Foil Aurum Note", "dealer": " SD Bullion ", "price": "$6.56"},
{"id": 1600, "name": "2024 1 oz Perth Lunar Dragon Gold Coin", "dealer": " SD Bullion ", "price": "$2,566.56"},
{"id": 1614, "name": "British Gold Sovereign", "dealer": " SD Bullion ", "price": "$2,457.21"},
{"id": 1623, "name": "Circulated Peace Dollar Culls", "dealer": " SD Bullion ", "price": "$28.99"},
{"id": 1642, "name": "1 gram Gold Bar - PAMP Suisse Lady Fortuna Veriscan® (In Assay)", "dealer": " SD Bullion ", "price": "$3,797.24"},
{"id": 1648, "name": "2.5 gram Gold Bar - PAMP Suisse Lady Fortuna Veriscan® (In Assay)", "dealer": " SD Bullion ", "price": "$416.56"},
{"id": 1657, "name": "1 oz Canadian Gold Maple Leaf Coin", "dealer": " SD Bullion ", "price": "$2,372.21"},
{"id": 1666, "name": "PAMP Suisse 5 Gram Gold Bar", "dealer": " SD Bullion ", "price": "$416.56"},
{"id": 1674, "name": "100 oz Silver Bar - Royal Canadian Mint", "dealer": " SD Bullion ", "price": "$2,932.15"},
{"id": 1685, "name": "1 oz Gold Bar - Perth Mint", "dealer": " SD Bullion ", "price": "$2,367.21"},
{"id": 1698, "name": "100 oz PAMP Suisse Silver Cast Bar", "dealer": " SD Bullion ", "price": "$2,922.15"},
{"id": 1711, "name": "PAMP Suisse Lady Fortuna Design 100 Gram Gold Bar", "dealer": " SD Bullion ", "price": "$7,668.60"},
{"id": 1722, "name": "Austria 20 Corona Gold Coin", "dealer": " SD Bullion ", "price": "$2,367.06"},
{"id": 1728, "name": "Valcambi Cast 1 kilo Silver Bar", "dealer": " SD Bullion ", "price": "$929.83"},
{"id": 1769, "name": "1 oz Perth Mint Cast Gold Bar", "dealer": " SD Bullion ", "price": "$2,362.21"},
{"id": 1779, "name": "PAMP 10 gram Lady Fortuna Gold Bar", "dealer": " SD Bullion ", "price": "$790.38"},
{"id": 1784, "name": "PAMP 20 gram Lady Fortuna Gold Bar", "dealer": " SD Bullion ", "price": "$3,829.86"},
{"id": 1791, "name": "90% Silver Half Dollars, $100 FV", "dealer": " SD Bullion ", "price": "$2,146.54"},
{"id": 1798, "name": "American Silver Eagle Proof Coin - Random Year", "dealer": " SD Bullion ", "price": "$69.95"},
{"id": 1812, "name": "2024 1 oz Canadian Gold Maple Leaf Coin", "dealer": " SD Bullion ", "price": "$2,397.21"},
{"id": 1819, "name": "2024 American Silver Eagle Tube of 20", "dealer": " SD Bullion ", "price": "$290.21"},
{"id": 1831, "name": "2024 Silver Eagle Monster Box", "dealer": " SD Bullion ", "price": "$17,010.75"},
{"id": 1842, "name": "2024 American Gold Buffalo", "dealer": " SD Bullion ", "price": "$2,433.61"},
{"id": 1855, "name": "20 Gram Gold Bar Secondary Market", "dealer": " SD Bullion ", "price": "$1,526.74"},
{"id": 1861, "name": "2024 1 oz Silver Year of the Dragon Coin - Lunar Series III", "dealer": " SD Bullion ", "price": "$36.72"},
{"id": 1868, "name": "2023 1 Kilo Australian Silver Kookaburra Coin", "dealer": " SD Bullion ", "price": "$971.62"},
{"id": 1887, "name": "2024 1/10 oz Canadian Gold Maple Leaf Coin", "dealer": " SD Bullion ", "price": "$282.09"},
{"id": 1900, "name": "2024 Canada Maple Leaf Silver Monster Box 500-Coin", "dealer": " SD Bullion ", "price": "$15,010.75"},
{"id": 1908, "name": "2024 Perth Lunar Year of the Dragon 1 oz  Gold Bar", "dealer": " SD Bullion ", "price": "$2,377.21"},
{"id": 1914, "name": "Maple Leaf 1 oz Gold Coins (Tube of 10)", "dealer": " SD Bullion ", "price": "$23,821.15"},
{"id": 1920, "name": "1 oz Austria Silver Philharmonic (Random Year)", "dealer": " SD Bullion ", "price": "$30.72"},
{"id": 1928, "name": "1 oz Generic Silver Bar or Secondary Market", "dealer": " SD Bullion ", "price": "$30.22"},
{"id": 1937, "name": "Krugerrand 1/2 oz Gold Coin (Random Year)", "dealer": " SD Bullion ", "price": "$1,236.10"},
{"id": 1949, "name": "2.5 Gram Gold Bar - Random", "dealer": " SD Bullion ", "price": "$1,526.74"},
{"id": 1957, "name": "Scottsdale 2 oz Silver Stacker Round", "dealer": " SD Bullion ", "price": "$64.44"},
{"id": 1964, "name": "1/2 oz American Gold Eagle Coins", "dealer": " SD Bullion ", "price": "$1,289.06"},
{"id": 1974, "name": "Gold American Buffalo - Random Year", "dealer": " SD Bullion ", "price": "$2,382.21"},
{"id": 1989, "name": "1/10 oz Gold Maple Leaf Coin - Random Year", "dealer": " SD Bullion ", "price": "$272.84"},
{"id": 1998, "name": "Government Minted Silver Coins  - Random", "dealer": " SD Bullion ", "price": "$30.42"},
{"id": 2028, "name": "Valcambi CombiBar - 100 Gram Gold Bar", "dealer": " SD Bullion ", "price": "$7,813.92"},
{"id": 2041, "name": "Valcambi 20 gram Gold Bar", "dealer": " SD Bullion ", "price": "$1,523.78"},
{"id": 2125, "name": "2 oz Sabre-Tooth Tiger Silver Coin - Ice Age", "dealer": " SD Bullion ", "price": "$62.94"},
{"id": 2181, "name": "2024 Britannia 1 oz Gold Coin", "dealer": " SD Bullion ", "price": "$2,382.21"},
{"id": 2215, "name": "1/10 oz Victory in the Pacific Gold Coin", "dealer": " SD Bullion ", "price": "$270.53"},
{"id": 2310, "name": "1/2 oz Silver Round - Secondary Market", "dealer": " SD Bullion ", "price": "$16.66"},
{"id": 2335, "name": "2015 Canadian Silver $8 Polar Bear 1.5 Ounces", "dealer": " SD Bullion ", "price": "$47.09"},
{"id": 2339, "name": "1/4 oz Silver Round", "dealer": " SD Bullion ", "price": "$9.17"},
{"id": 2392, "name": "1 oz Silver Buffalo Warrior", "dealer": " SD Bullion ", "price": "$31.92"},
{"id": 2396, "name": "1 oz Mercury Dime Silver Round", "dealer": " SD Bullion ", "price": "$31.22"},
{"id": 2416, "name": "10 oz Buffalo Warrior Hexagon Silver Bar", "dealer": " SD Bullion ", "price": "$312.21"},
{"id": 2424, "name": "1 oz Silver Rounds (Random)", "dealer": " SD Bullion ", "price": "$31.22"},
{"id": 2434, "name": "5 oz Silver Bar - Secondary Market", "dealer": " SD Bullion ", "price": "$146.61"},
{"id": 2449, "name": "10 oz Silver Bar (Various)", "dealer": " SD Bullion ", "price": "$298.21"},
{"id": 2460, "name": "100 oz Silver Bars", "dealer": " SD Bullion ", "price": "$2,922.15"},
{"id": 2471, "name": "1 oz Buffalo Silver Round", "dealer": " SD Bullion ", "price": "$30.72"},
{"id": 2490, "name": "5 oz Silver Coins (Random)", "dealer": " SD Bullion ", "price": "$193.66"},
{"id": 2523, "name": "2023 American Gold Eagle 1/4 oz Coin", "dealer": " SD Bullion ", "price": "$670.54"},
{"id": 2529, "name": "2023 Gold Eagle 1 oz Coin", "dealer": " SD Bullion ", "price": "$2,457.88"},
{"id": 2592, "name": "2024 Britannia 1 oz Silver Coin", "dealer": " SD Bullion ", "price": "$31.72"},
{"id": 2606, "name": "2024 Gold Eagle 1 oz Coin", "dealer": " SD Bullion ", "price": "$2,435.92"},
{"id": 2613, "name": "2024 American Gold Eagle 1/2 oz Coin", "dealer": " SD Bullion ", "price": "$1,306.40"},
{"id": 2626, "name": "2024 American Gold Eagle 1/10 oz Coin", "dealer": " SD Bullion ", "price": "$302.90"},
{"id": 2641, "name": "2024 American Silver Eagle 1 oz Coin", "dealer": " SD Bullion ", "price": "$35.32"},
{"id": 2670, "name": "2024 1/4 oz Tudor Beasts Seymour Unicorn Gold Coin", "dealer": " SD Bullion ", "price": "$633.04"},
{"id": 2684, "name": "2024 10 oz Tudor Beasts Seymour Unicorn Silver Coin", "dealer": " SD Bullion ", "price": "$322.21"},
{"id": 2704, "name": "2024 1/4 oz Canadian Gold Maple Leaf Coin", "dealer": " SD Bullion ", "price": "$664.76"},
{"id": 2710, "name": "2024 1 oz Canadian Silver Maple Leaf", "dealer": " SD Bullion ", "price": "$31.02"},
{"id": 2750, "name": "1/4 oz Gold American Eagle Random Year", "dealer": " SD Bullion ", "price": "$699.45"},
{"id": 2762, "name": "1 oz Canada Silver Maple Leaf (Random Year)", "dealer": " SD Bullion ", "price": "$31.52"},
{"id": 2777, "name": "1 oz Sunshine Mint Silver Round", "dealer": " SD Bullion ", "price": "$30.52"},
{"id": 2795, "name": "Scottsdale 10 oz Stacker Silver Bar", "dealer": " SD Bullion ", "price": "$296.21"},
{"id": 2804, "name": "Scottsdale 5 oz Silver Stacker Round", "dealer": " SD Bullion ", "price": "$164.11"},
{"id": 2814, "name": "10 oz Silver Bar - The Royal Mint Britannia", "dealer": " SD Bullion ", "price": "$300.21"},
{"id": 2820, "name": "1 oz Aztec Calendar Silver Round", "dealer": " SD Bullion ", "price": "$31.02"},
{"id": 2826, "name": "1 oz Silver Walking Liberty Round", "dealer": " SD Bullion ", "price": "$30.52"},
{"id": 2834, "name": "American 1 oz Platinum Eagle Random Date", "dealer": " SD Bullion ", "price": "$1,236.33"},
{"id": 2839, "name": "Britannia 100 oz Silver Bar", "dealer": " SD Bullion ", "price": "$2,932.15"},
{"id": 2867, "name": "2020 American Silver Eagle 1 oz Coins", "dealer": " SD Bullion ", "price": "$37.73"},
{"id": 2872, "name": "1/10 oz Fractional Silver Rounds", "dealer": " SD Bullion ", "price": "$5.86"},
{"id": 2887, "name": "100 gram gold bar", "dealer": " SD Bullion ", "price": "$7,514.35"},
{"id": 2912, "name": "1 oz Aztec Calendar Silver Bar", "dealer": " SD Bullion ", "price": "$30.72"},
{"id": 2917, "name": "Britannia 1 oz Silver Coins Monster Box", "dealer": " SD Bullion ", "price": "$14,960.75"},
{"id": 2933, "name": "Aztec Calendar 5 oz Silver Bar", "dealer": " SD Bullion ", "price": "$148.61"},
{"id": 2941, "name": "Aztec Calendar 1/10 oz Silver Round", "dealer": " SD Bullion ", "price": "$5.96"},
{"id": 2944, "name": "Aztec Calendar 1/4 oz Silver Round", "dealer": " SD Bullion ", "price": "$10.17"},
{"id": 2950, "name": "2022 Australian Kangaroo 1 oz Silver Coin", "dealer": " SD Bullion ", "price": "$35.72"},
{"id": 2956, "name": "5 oz Silver Round Aztec Calendar", "dealer": " SD Bullion ", "price": "$166.11"},
{"id": 2961, "name": "Kilo Silver Bar - Scottsdale Stacker 32.15 oz", "dealer": " SD Bullion ", "price": "$955.55"},
{"id": 2968, "name": "1 oz Silver Bar - Nadir Refinery", "dealer": " SD Bullion ", "price": "$31.32"},
{"id": 2989, "name": "10 oz Silver Aztec Calendar Bar", "dealer": " SD Bullion ", "price": "$299.21"},
{"id": 3020, "name": "2023 American Gold Eagle 1/10 oz Coin", "dealer": " SD Bullion ", "price": "$180.67"},
{"id": 3042, "name": "5 oz Silver Bar - Germania Mint", "dealer": " SD Bullion ", "price": "$151.11"},
{"id": 3051, "name": "1 Kilo Argor-Heraeus Cast Silver Bar", "dealer": " SD Bullion ", "price": "$923.40"},
{"id": 3062, "name": "2023 Britannia King Charles 1 oz Gold Coin", "dealer": " SD Bullion ", "price": "$2,382.21"},
{"id": 3074, "name": "2023 Australia 1 oz Silver Kangaroo", "dealer": " SD Bullion ", "price": "$64.54"},
{"id": 3084, "name": "2023 1/4 oz Lunar Rabbit Gold", "dealer": " SD Bullion ", "price": "$630.08"},
{"id": 3091, "name": "2022 1 oz Congo Gorilla Silver Coin", "dealer": " SD Bullion ", "price": "$31.82"},
{"id": 3101, "name": "2023 1 oz South Africa Big Five Elephant Gold", "dealer": " SD Bullion ", "price": "$2,357.21"},
{"id": 3133, "name": "2023 1 Kilo Koala Silver Coin", "dealer": " SD Bullion ", "price": "$962.00"},
{"id": 3161, "name": "2024 American Gold Eagle 1/4 oz Coin", "dealer": " SD Bullion ", "price": "$693.66"},
{"id": 3182, "name": "1 oz Argor-Heraeus Year of the Dragon Gold Bar", "dealer": " SD Bullion ", "price": "$2,372.21"},
{"id": 3194, "name": "1 oz The Vortex Silver Bar", "dealer": " SD Bullion ", "price": "$32.22"},
{"id": 3200, "name": "10 oz Gold Bar - Valcambi", "dealer": " SD Bullion ", "price": "$23,562.05"},
{"id": 3212, "name": "2024 2 oz Tudor Beasts Seymour Unicorn Silver Coin", "dealer": " SD Bullion ", "price": "$63.44"},
{"id": 3239, "name": "2024 Britannia and Liberty 1 oz Silver Coin", "dealer": " SD Bullion ", "price": "$32.22"}
]